filename,gender,accent
cv-valid-train/sample-063344.mp3,male,us
cv-valid-train/sample-117929.mp3,female,indian
cv-valid-train/sample-154769.mp3,male,indian
cv-valid-train/sample-074998.mp3,male,us
cv-valid-train/sample-191480.mp3,female,indian
cv-valid-train/sample-070602.mp3,male,us
cv-valid-train/sample-053858.mp3,female,us
cv-valid-train/sample-080622.mp3,female,us
cv-valid-train/sample-066081.mp3,female,indian
cv-valid-train/sample-154884.mp3,male,us
cv-valid-train/sample-148557.mp3,female,us
cv-valid-train/sample-059694.mp3,female,england
cv-valid-train/sample-114598.mp3,female,england
cv-valid-train/sample-118415.mp3,female,england
cv-valid-train/sample-043387.mp3,female,england
cv-valid-train/sample-024251.mp3,male,england
cv-valid-train/sample-088412.mp3,male,indian
cv-valid-train/sample-036429.mp3,male,england
cv-valid-train/sample-056111.mp3,female,england
cv-valid-train/sample-062436.mp3,female,england
cv-valid-train/sample-084370.mp3,female,england
cv-valid-train/sample-049788.mp3,male,indian
cv-valid-train/sample-138124.mp3,female,us
cv-valid-train/sample-162209.mp3,female,indian
cv-valid-train/sample-151162.mp3,female,indian
cv-valid-train/sample-154752.mp3,female,england
cv-valid-train/sample-019130.mp3,female,indian
cv-valid-train/sample-041453.mp3,female,us
cv-valid-train/sample-164077.mp3,female,england
cv-valid-train/sample-049514.mp3,female,england
cv-valid-train/sample-032454.mp3,female,indian
cv-valid-train/sample-005877.mp3,male,us
cv-valid-train/sample-110450.mp3,male,us
cv-valid-train/sample-186660.mp3,female,england
cv-valid-train/sample-030451.mp3,male,england
cv-valid-train/sample-191901.mp3,male,indian
cv-valid-train/sample-096585.mp3,male,england
cv-valid-train/sample-166228.mp3,female,indian
cv-valid-train/sample-109760.mp3,female,england
cv-valid-train/sample-136166.mp3,female,indian
cv-valid-train/sample-187569.mp3,male,england
cv-valid-train/sample-112703.mp3,male,england
cv-valid-train/sample-087616.mp3,male,indian
cv-valid-train/sample-111571.mp3,female,england
cv-valid-train/sample-164952.mp3,female,england
cv-valid-train/sample-021982.mp3,female,us
cv-valid-train/sample-173759.mp3,male,us
cv-valid-train/sample-150841.mp3,male,us
cv-valid-train/sample-005156.mp3,male,indian
cv-valid-train/sample-029743.mp3,male,england
cv-valid-train/sample-127732.mp3,male,indian
cv-valid-train/sample-161591.mp3,female,indian
cv-valid-train/sample-091510.mp3,female,england
cv-valid-train/sample-025785.mp3,male,indian
cv-valid-train/sample-130520.mp3,male,england
cv-valid-train/sample-085293.mp3,male,indian
cv-valid-train/sample-020714.mp3,male,england
cv-valid-train/sample-029703.mp3,female,indian
cv-valid-train/sample-055297.mp3,female,us
cv-valid-train/sample-183245.mp3,female,england
cv-valid-train/sample-044381.mp3,male,us
cv-valid-train/sample-114926.mp3,male,us
cv-valid-train/sample-086981.mp3,female,us
cv-valid-train/sample-190313.mp3,female,us
cv-valid-train/sample-007346.mp3,female,england
cv-valid-train/sample-028835.mp3,female,us
cv-valid-train/sample-070455.mp3,female,england
cv-valid-train/sample-021247.mp3,male,indian
cv-valid-train/sample-152188.mp3,male,us
cv-valid-train/sample-121623.mp3,male,indian
cv-valid-train/sample-089652.mp3,male,england
cv-valid-train/sample-136569.mp3,male,us
cv-valid-train/sample-170223.mp3,female,england
cv-valid-train/sample-109035.mp3,female,england
cv-valid-train/sample-132829.mp3,male,indian
cv-valid-train/sample-026706.mp3,male,england
cv-valid-train/sample-148827.mp3,female,england
cv-valid-train/sample-053090.mp3,female,us
cv-valid-train/sample-069123.mp3,male,indian
cv-valid-train/sample-136428.mp3,male,us
cv-valid-train/sample-005228.mp3,male,indian
cv-valid-train/sample-006993.mp3,male,england
cv-valid-train/sample-065155.mp3,male,indian
cv-valid-train/sample-028991.mp3,male,us
cv-valid-train/sample-194784.mp3,female,england
cv-valid-train/sample-040420.mp3,female,us
cv-valid-train/sample-162161.mp3,female,indian
cv-valid-train/sample-130521.mp3,male,indian
cv-valid-train/sample-100696.mp3,female,us
cv-valid-train/sample-187341.mp3,female,us
cv-valid-train/sample-159539.mp3,male,us
cv-valid-train/sample-127774.mp3,male,england
cv-valid-train/sample-101968.mp3,male,indian
cv-valid-train/sample-015544.mp3,male,us
cv-valid-train/sample-142365.mp3,female,england
cv-valid-train/sample-041896.mp3,female,england
cv-valid-train/sample-159606.mp3,male,us
cv-valid-train/sample-028102.mp3,female,us
cv-valid-train/sample-015748.mp3,female,us
cv-valid-train/sample-105327.mp3,male,indian
cv-valid-train/sample-065549.mp3,male,us
cv-valid-train/sample-135355.mp3,female,indian
cv-valid-train/sample-025242.mp3,male,us
cv-valid-train/sample-152230.mp3,male,us
cv-valid-train/sample-131159.mp3,female,england
cv-valid-train/sample-019090.mp3,female,indian
cv-valid-train/sample-094108.mp3,female,indian
cv-valid-train/sample-052056.mp3,female,indian
cv-valid-train/sample-037055.mp3,female,indian
cv-valid-train/sample-050390.mp3,female,indian
cv-valid-train/sample-138297.mp3,female,indian
cv-valid-train/sample-177309.mp3,female,indian
cv-valid-train/sample-015676.mp3,female,england
cv-valid-train/sample-115008.mp3,male,indian
cv-valid-train/sample-027207.mp3,female,england
cv-valid-train/sample-024863.mp3,male,indian
cv-valid-train/sample-053839.mp3,male,england
cv-valid-train/sample-130109.mp3,female,england
cv-valid-train/sample-098275.mp3,female,england
cv-valid-train/sample-048291.mp3,female,england
cv-valid-train/sample-018848.mp3,male,indian
cv-valid-train/sample-109068.mp3,male,indian
cv-valid-train/sample-132288.mp3,female,indian
cv-valid-train/sample-053911.mp3,female,england
cv-valid-train/sample-164033.mp3,female,england
cv-valid-train/sample-084864.mp3,male,us
cv-valid-train/sample-108794.mp3,female,england
cv-valid-train/sample-058864.mp3,female,us
cv-valid-train/sample-133994.mp3,male,us
cv-valid-train/sample-003239.mp3,male,indian
cv-valid-train/sample-114282.mp3,female,england
cv-valid-train/sample-069350.mp3,male,us
cv-valid-train/sample-142996.mp3,female,us
cv-valid-train/sample-090649.mp3,female,indian
cv-valid-train/sample-194619.mp3,female,indian
cv-valid-train/sample-155646.mp3,male,indian
cv-valid-train/sample-156796.mp3,male,england
cv-valid-train/sample-113785.mp3,female,us
cv-valid-train/sample-088580.mp3,male,england
cv-valid-train/sample-034918.mp3,male,england
cv-valid-train/sample-007886.mp3,female,england
cv-valid-train/sample-186306.mp3,male,indian
cv-valid-train/sample-156644.mp3,male,indian
cv-valid-train/sample-087331.mp3,male,us
cv-valid-train/sample-182517.mp3,female,england
cv-valid-train/sample-012271.mp3,male,england
cv-valid-train/sample-120868.mp3,female,england
cv-valid-train/sample-080861.mp3,male,england
cv-valid-train/sample-170159.mp3,female,england
cv-valid-train/sample-035475.mp3,male,indian
cv-valid-train/sample-037671.mp3,female,us
cv-valid-train/sample-025630.mp3,female,england
cv-valid-train/sample-123625.mp3,male,indian
cv-valid-train/sample-016286.mp3,female,england
cv-valid-train/sample-057560.mp3,female,us
cv-valid-train/sample-141158.mp3,female,us
cv-valid-train/sample-172162.mp3,male,us
cv-valid-train/sample-139774.mp3,female,us
cv-valid-train/sample-019099.mp3,female,england
cv-valid-train/sample-089457.mp3,male,england
cv-valid-train/sample-065629.mp3,female,us
cv-valid-train/sample-001601.mp3,male,us
cv-valid-train/sample-001447.mp3,male,indian
cv-valid-train/sample-046726.mp3,female,indian
cv-valid-train/sample-158024.mp3,male,england
cv-valid-train/sample-151066.mp3,male,indian
cv-valid-train/sample-137684.mp3,female,us
cv-valid-train/sample-167852.mp3,male,england
cv-valid-train/sample-132633.mp3,male,indian
cv-valid-train/sample-173409.mp3,male,indian
cv-valid-train/sample-013125.mp3,male,indian
cv-valid-train/sample-141081.mp3,male,us
cv-valid-train/sample-123354.mp3,male,england
cv-valid-train/sample-140163.mp3,female,england
cv-valid-train/sample-152102.mp3,female,england
cv-valid-train/sample-114486.mp3,female,indian
cv-valid-train/sample-022147.mp3,male,indian
cv-valid-train/sample-031941.mp3,female,us
cv-valid-train/sample-006834.mp3,male,england
cv-valid-train/sample-008049.mp3,female,england
cv-valid-train/sample-040908.mp3,male,england
cv-valid-train/sample-120255.mp3,female,england
cv-valid-train/sample-059800.mp3,male,england
cv-valid-train/sample-171361.mp3,female,indian
cv-valid-train/sample-095474.mp3,female,england
cv-valid-train/sample-000100.mp3,male,england
cv-valid-train/sample-132481.mp3,female,england
cv-valid-train/sample-009203.mp3,male,indian
cv-valid-train/sample-187555.mp3,male,us
cv-valid-train/sample-141091.mp3,male,england
cv-valid-train/sample-182507.mp3,female,england
cv-valid-train/sample-193377.mp3,female,indian
cv-valid-train/sample-155173.mp3,female,us
cv-valid-train/sample-080234.mp3,male,us
cv-valid-train/sample-034768.mp3,male,us
cv-valid-train/sample-151942.mp3,female,us
cv-valid-train/sample-054837.mp3,female,us
cv-valid-train/sample-136800.mp3,male,indian
cv-valid-train/sample-145929.mp3,female,indian
cv-valid-train/sample-063532.mp3,male,indian
cv-valid-train/sample-146359.mp3,female,indian
cv-valid-train/sample-048038.mp3,female,indian
cv-valid-train/sample-075711.mp3,female,us
cv-valid-train/sample-051515.mp3,male,indian
cv-valid-train/sample-089336.mp3,male,us
cv-valid-train/sample-045187.mp3,female,england
cv-valid-train/sample-112191.mp3,male,england
cv-valid-train/sample-163910.mp3,female,indian
cv-valid-train/sample-040964.mp3,male,us
cv-valid-train/sample-114103.mp3,female,england
cv-valid-train/sample-044065.mp3,female,us
cv-valid-train/sample-149591.mp3,female,indian
cv-valid-train/sample-195343.mp3,male,us
cv-valid-train/sample-183862.mp3,male,indian
cv-valid-train/sample-156596.mp3,male,us
cv-valid-train/sample-104393.mp3,female,england
cv-valid-train/sample-091051.mp3,female,us
cv-valid-train/sample-138150.mp3,female,us
cv-valid-train/sample-140818.mp3,male,england
cv-valid-train/sample-112099.mp3,male,indian
cv-valid-train/sample-037928.mp3,male,us
cv-valid-train/sample-008982.mp3,female,indian
cv-valid-train/sample-128681.mp3,female,indian
cv-valid-train/sample-027226.mp3,male,indian
cv-valid-train/sample-018964.mp3,female,us
cv-valid-train/sample-004380.mp3,male,indian
cv-valid-train/sample-020064.mp3,female,england
cv-valid-train/sample-090352.mp3,male,us
cv-valid-train/sample-183171.mp3,male,indian
cv-valid-train/sample-098597.mp3,male,us
cv-valid-train/sample-105599.mp3,male,us
cv-valid-train/sample-019351.mp3,male,indian
cv-valid-train/sample-015179.mp3,female,us
cv-valid-train/sample-081425.mp3,female,indian
cv-valid-train/sample-077705.mp3,female,us
cv-valid-train/sample-175772.mp3,male,indian
cv-valid-train/sample-030111.mp3,male,indian
cv-valid-train/sample-145150.mp3,male,us
cv-valid-train/sample-125459.mp3,male,indian
cv-valid-train/sample-102437.mp3,male,england
cv-valid-train/sample-129731.mp3,female,england
cv-valid-train/sample-170305.mp3,female,us
cv-valid-train/sample-035227.mp3,male,us
cv-valid-train/sample-130877.mp3,male,indian
cv-valid-train/sample-098449.mp3,male,us
cv-valid-train/sample-140487.mp3,female,us
cv-valid-train/sample-072286.mp3,female,us
cv-valid-train/sample-074454.mp3,female,england
cv-valid-train/sample-080069.mp3,male,us
cv-valid-train/sample-098820.mp3,male,us
cv-valid-train/sample-071597.mp3,male,england
cv-valid-train/sample-013491.mp3,male,england
cv-valid-train/sample-074351.mp3,male,indian
cv-valid-train/sample-069131.mp3,male,england
cv-valid-train/sample-030418.mp3,male,indian
cv-valid-train/sample-095088.mp3,male,indian
cv-valid-train/sample-163047.mp3,female,england
cv-valid-train/sample-068454.mp3,male,us
cv-valid-train/sample-089695.mp3,male,england
cv-valid-train/sample-129169.mp3,male,us
cv-valid-train/sample-011769.mp3,male,england
cv-valid-train/sample-115910.mp3,female,us
cv-valid-train/sample-006039.mp3,female,indian
cv-valid-train/sample-192706.mp3,male,us
cv-valid-train/sample-133725.mp3,male,england
cv-valid-train/sample-005569.mp3,female,us
cv-valid-train/sample-043166.mp3,female,us
cv-valid-train/sample-041277.mp3,male,us
cv-valid-train/sample-182870.mp3,female,us
cv-valid-train/sample-188413.mp3,male,england
cv-valid-train/sample-008225.mp3,male,us
cv-valid-train/sample-023881.mp3,male,indian
cv-valid-train/sample-127946.mp3,male,us
cv-valid-train/sample-096877.mp3,female,england
cv-valid-train/sample-070611.mp3,female,us
cv-valid-train/sample-190209.mp3,male,us
cv-valid-train/sample-162081.mp3,female,england
cv-valid-train/sample-124296.mp3,male,england
cv-valid-train/sample-143044.mp3,female,england
cv-valid-train/sample-018495.mp3,female,us
cv-valid-train/sample-051618.mp3,female,indian
cv-valid-train/sample-046357.mp3,male,england
cv-valid-train/sample-162222.mp3,female,indian
cv-valid-train/sample-099111.mp3,female,england
cv-valid-train/sample-127435.mp3,female,indian
cv-valid-train/sample-084632.mp3,male,us
cv-valid-train/sample-109636.mp3,male,england
cv-valid-train/sample-161945.mp3,female,indian
cv-valid-train/sample-133523.mp3,male,england
cv-valid-train/sample-171935.mp3,female,us
cv-valid-train/sample-151350.mp3,female,england
cv-valid-train/sample-180009.mp3,male,indian
cv-valid-train/sample-151059.mp3,male,indian
cv-valid-train/sample-158715.mp3,male,indian
cv-valid-train/sample-167154.mp3,male,us
cv-valid-train/sample-158059.mp3,female,indian
cv-valid-train/sample-010996.mp3,female,indian
cv-valid-train/sample-064671.mp3,female,england
cv-valid-train/sample-125139.mp3,male,indian
cv-valid-train/sample-064412.mp3,female,us
cv-valid-train/sample-018871.mp3,female,england
cv-valid-train/sample-151795.mp3,male,england
cv-valid-train/sample-098836.mp3,female,us
cv-valid-train/sample-013381.mp3,female,us
cv-valid-train/sample-120394.mp3,male,indian
cv-valid-train/sample-000293.mp3,male,england
cv-valid-train/sample-091675.mp3,male,us
cv-valid-train/sample-172093.mp3,male,us
cv-valid-train/sample-004129.mp3,female,us
cv-valid-train/sample-112842.mp3,female,england
cv-valid-train/sample-156347.mp3,female,us
cv-valid-train/sample-059549.mp3,male,england
cv-valid-train/sample-167379.mp3,female,indian
cv-valid-train/sample-097385.mp3,male,england
cv-valid-train/sample-026714.mp3,male,england
cv-valid-train/sample-128324.mp3,female,england
cv-valid-train/sample-140043.mp3,male,us
cv-valid-train/sample-064262.mp3,male,indian
cv-valid-train/sample-146583.mp3,female,england
cv-valid-train/sample-136164.mp3,male,indian
cv-valid-train/sample-150644.mp3,female,us
cv-valid-train/sample-061785.mp3,female,indian
cv-valid-train/sample-106666.mp3,male,england
cv-valid-train/sample-117927.mp3,female,us
cv-valid-train/sample-149761.mp3,male,us
cv-valid-train/sample-194763.mp3,male,us
cv-valid-train/sample-112437.mp3,male,us
cv-valid-train/sample-156932.mp3,female,england
cv-valid-train/sample-137054.mp3,male,england
cv-valid-train/sample-115590.mp3,male,us
cv-valid-train/sample-171246.mp3,female,england
cv-valid-train/sample-161142.mp3,male,us
cv-valid-train/sample-176079.mp3,female,england
cv-valid-train/sample-026111.mp3,male,indian
cv-valid-train/sample-016007.mp3,male,us
cv-valid-train/sample-088937.mp3,female,england
cv-valid-train/sample-192956.mp3,male,indian
cv-valid-train/sample-165320.mp3,female,us
cv-valid-train/sample-195576.mp3,male,us
cv-valid-train/sample-026600.mp3,female,us
cv-valid-train/sample-123414.mp3,male,us
cv-valid-train/sample-143364.mp3,female,england
cv-valid-train/sample-025715.mp3,female,england
cv-valid-train/sample-068043.mp3,female,england
cv-valid-train/sample-080683.mp3,female,us
cv-valid-train/sample-193072.mp3,female,indian
cv-valid-train/sample-112277.mp3,male,england
cv-valid-train/sample-068628.mp3,male,us
cv-valid-train/sample-194192.mp3,female,england
cv-valid-train/sample-170756.mp3,male,england
cv-valid-train/sample-027975.mp3,male,indian
cv-valid-train/sample-070789.mp3,female,indian
cv-valid-train/sample-021369.mp3,male,england
cv-valid-train/sample-017338.mp3,male,indian
cv-valid-train/sample-128905.mp3,female,indian
cv-valid-train/sample-184381.mp3,male,indian
cv-valid-train/sample-095437.mp3,male,england
cv-valid-train/sample-039645.mp3,female,us
cv-valid-train/sample-186561.mp3,female,us
cv-valid-train/sample-139259.mp3,female,indian
cv-valid-train/sample-119395.mp3,male,us
cv-valid-train/sample-019884.mp3,male,indian
cv-valid-train/sample-125608.mp3,female,us
cv-valid-train/sample-027910.mp3,female,us
cv-valid-train/sample-110170.mp3,male,indian
cv-valid-train/sample-039791.mp3,female,indian
cv-valid-train/sample-164094.mp3,female,england
cv-valid-train/sample-125643.mp3,female,england
cv-valid-train/sample-172754.mp3,male,us
cv-valid-train/sample-085127.mp3,male,england
cv-valid-train/sample-027533.mp3,female,england
cv-valid-train/sample-025702.mp3,female,indian
cv-valid-train/sample-119095.mp3,male,england
cv-valid-train/sample-023291.mp3,female,indian
cv-valid-train/sample-046410.mp3,female,indian
cv-valid-train/sample-019784.mp3,female,us
cv-valid-train/sample-135862.mp3,female,us
cv-valid-train/sample-123418.mp3,male,england
cv-valid-train/sample-185184.mp3,female,us
cv-valid-train/sample-169923.mp3,male,us
cv-valid-train/sample-162784.mp3,male,indian
cv-valid-train/sample-053788.mp3,female,england
cv-valid-train/sample-031815.mp3,female,england
cv-valid-train/sample-173060.mp3,male,england
cv-valid-train/sample-076323.mp3,male,us
cv-valid-train/sample-062760.mp3,female,england
cv-valid-train/sample-181884.mp3,male,england
cv-valid-train/sample-014568.mp3,female,england
cv-valid-train/sample-064415.mp3,female,england
cv-valid-train/sample-095068.mp3,female,us
cv-valid-train/sample-172090.mp3,female,us
cv-valid-train/sample-145404.mp3,female,england
cv-valid-train/sample-195141.mp3,male,england
cv-valid-train/sample-109794.mp3,female,england
cv-valid-train/sample-093076.mp3,male,england
cv-valid-train/sample-068666.mp3,female,indian
cv-valid-train/sample-165267.mp3,male,us
cv-valid-train/sample-089488.mp3,male,us
cv-valid-train/sample-017548.mp3,female,us
cv-valid-train/sample-088753.mp3,female,indian
cv-valid-train/sample-118082.mp3,male,england
cv-valid-train/sample-175117.mp3,female,us
cv-valid-train/sample-022089.mp3,female,england
cv-valid-train/sample-139380.mp3,female,england
cv-valid-train/sample-106798.mp3,female,england
cv-valid-train/sample-115528.mp3,male,indian
cv-valid-train/sample-092538.mp3,female,us
cv-valid-train/sample-031789.mp3,male,us
cv-valid-train/sample-175376.mp3,female,indian
cv-valid-train/sample-165689.mp3,male,us
cv-valid-train/sample-076968.mp3,female,england
cv-valid-train/sample-004511.mp3,female,england
cv-valid-train/sample-017614.mp3,female,indian
cv-valid-train/sample-143653.mp3,male,indian
cv-valid-train/sample-118510.mp3,female,england
cv-valid-train/sample-103860.mp3,female,indian
cv-valid-train/sample-083145.mp3,male,us
cv-valid-train/sample-131514.mp3,male,us
cv-valid-train/sample-127575.mp3,male,us
cv-valid-train/sample-094333.mp3,female,indian
cv-valid-train/sample-027030.mp3,male,england
cv-valid-train/sample-099353.mp3,female,england
cv-valid-train/sample-001808.mp3,male,england
cv-valid-train/sample-033587.mp3,male,us
cv-valid-train/sample-074194.mp3,female,us
cv-valid-train/sample-180382.mp3,male,england
cv-valid-train/sample-149428.mp3,female,indian
cv-valid-train/sample-027685.mp3,male,us
cv-valid-train/sample-126500.mp3,male,indian
cv-valid-train/sample-080102.mp3,female,england
cv-valid-train/sample-191048.mp3,male,england
cv-valid-train/sample-001357.mp3,female,us
cv-valid-train/sample-115868.mp3,male,england
cv-valid-train/sample-108041.mp3,female,us
cv-valid-train/sample-106180.mp3,female,indian
cv-valid-train/sample-149552.mp3,male,us
cv-valid-train/sample-166048.mp3,male,us
cv-valid-train/sample-022609.mp3,female,us
cv-valid-train/sample-115297.mp3,female,indian
cv-valid-train/sample-177084.mp3,male,england
cv-valid-train/sample-120251.mp3,female,indian
cv-valid-train/sample-153411.mp3,female,england
cv-valid-train/sample-005394.mp3,female,england
cv-valid-train/sample-011310.mp3,female,england
cv-valid-train/sample-107718.mp3,female,england
cv-valid-train/sample-114770.mp3,female,england
cv-valid-train/sample-083321.mp3,male,indian
cv-valid-train/sample-112174.mp3,female,england
cv-valid-train/sample-000056.mp3,male,england
cv-valid-train/sample-078276.mp3,male,england
cv-valid-train/sample-165311.mp3,male,us
cv-valid-train/sample-067962.mp3,female,england
cv-valid-train/sample-175544.mp3,male,us
cv-valid-train/sample-104793.mp3,female,england
cv-valid-train/sample-006019.mp3,male,england
cv-valid-train/sample-034763.mp3,female,england
cv-valid-train/sample-067028.mp3,female,england
cv-valid-train/sample-083047.mp3,male,us
cv-valid-train/sample-062005.mp3,male,us
cv-valid-train/sample-112892.mp3,female,england
cv-valid-train/sample-093101.mp3,male,england
cv-valid-train/sample-116465.mp3,female,us
cv-valid-train/sample-155939.mp3,male,indian
cv-valid-train/sample-049683.mp3,male,england
cv-valid-train/sample-102029.mp3,female,indian
cv-valid-train/sample-168533.mp3,female,us
cv-valid-train/sample-006214.mp3,male,england
cv-valid-train/sample-125896.mp3,female,indian
cv-valid-train/sample-018149.mp3,male,indian
cv-valid-train/sample-048501.mp3,female,england
cv-valid-train/sample-178291.mp3,male,us
cv-valid-train/sample-050700.mp3,female,england
cv-valid-train/sample-185893.mp3,female,indian
cv-valid-train/sample-025552.mp3,male,england
cv-valid-train/sample-194375.mp3,male,indian
cv-valid-train/sample-175452.mp3,male,indian
cv-valid-train/sample-097878.mp3,female,indian
cv-valid-train/sample-118975.mp3,female,indian
cv-valid-train/sample-000794.mp3,female,us
cv-valid-train/sample-186397.mp3,female,us
cv-valid-train/sample-083550.mp3,male,us
cv-valid-train/sample-152048.mp3,female,indian
cv-valid-train/sample-144628.mp3,male,england
cv-valid-train/sample-085987.mp3,male,us
cv-valid-train/sample-089648.mp3,female,indian
cv-valid-train/sample-144309.mp3,female,england
cv-valid-train/sample-008852.mp3,female,england
cv-valid-train/sample-153746.mp3,female,us
cv-valid-train/sample-076711.mp3,male,indian
cv-valid-train/sample-188792.mp3,female,england
cv-valid-train/sample-183531.mp3,male,indian
cv-valid-train/sample-107627.mp3,female,indian
cv-valid-train/sample-099715.mp3,female,us
cv-valid-train/sample-035307.mp3,male,indian
cv-valid-train/sample-033423.mp3,male,us
cv-valid-train/sample-045972.mp3,male,us
cv-valid-train/sample-121928.mp3,male,us
cv-valid-train/sample-043146.mp3,female,indian
cv-valid-train/sample-100804.mp3,female,indian
cv-valid-train/sample-126302.mp3,female,us
cv-valid-train/sample-106401.mp3,female,england
cv-valid-train/sample-145286.mp3,male,england
cv-valid-train/sample-127573.mp3,male,us
cv-valid-train/sample-173511.mp3,male,us
cv-valid-train/sample-180017.mp3,male,indian
cv-valid-train/sample-102064.mp3,male,indian
cv-valid-train/sample-044418.mp3,female,us
cv-valid-train/sample-063373.mp3,male,us
cv-valid-train/sample-023663.mp3,female,us
cv-valid-train/sample-022902.mp3,female,indian
cv-valid-train/sample-194797.mp3,female,england
cv-valid-train/sample-054456.mp3,male,england
cv-valid-train/sample-184070.mp3,male,us
cv-valid-train/sample-013399.mp3,male,indian
cv-valid-train/sample-020170.mp3,female,indian
cv-valid-train/sample-022065.mp3,female,indian
cv-valid-train/sample-017646.mp3,female,us
cv-valid-train/sample-159367.mp3,male,us
cv-valid-train/sample-135205.mp3,female,england
cv-valid-train/sample-166178.mp3,female,us
cv-valid-train/sample-125463.mp3,female,england
cv-valid-train/sample-104415.mp3,female,indian
cv-valid-train/sample-134803.mp3,female,us
cv-valid-train/sample-005174.mp3,male,indian
cv-valid-train/sample-140091.mp3,male,indian
cv-valid-train/sample-143502.mp3,female,us
cv-valid-train/sample-128660.mp3,male,england
cv-valid-train/sample-064516.mp3,male,us
cv-valid-train/sample-173977.mp3,female,indian
cv-valid-train/sample-020257.mp3,female,indian
cv-valid-train/sample-086863.mp3,female,england
cv-valid-train/sample-132044.mp3,male,us
cv-valid-train/sample-081564.mp3,female,us
cv-valid-train/sample-083675.mp3,female,england
cv-valid-train/sample-154611.mp3,male,england
cv-valid-train/sample-048572.mp3,female,england
cv-valid-train/sample-013758.mp3,female,england
cv-valid-train/sample-164917.mp3,male,england
cv-valid-train/sample-187078.mp3,male,us
cv-valid-train/sample-183520.mp3,female,england
cv-valid-train/sample-134298.mp3,female,england
cv-valid-train/sample-129969.mp3,female,england
cv-valid-train/sample-177132.mp3,female,england
cv-valid-train/sample-149489.mp3,female,england
cv-valid-train/sample-173987.mp3,male,indian
cv-valid-train/sample-152856.mp3,male,england
cv-valid-train/sample-013097.mp3,female,us
cv-valid-train/sample-033560.mp3,male,indian
cv-valid-train/sample-083927.mp3,female,indian
cv-valid-train/sample-009388.mp3,female,us
cv-valid-train/sample-039647.mp3,female,indian
cv-valid-train/sample-166693.mp3,female,england
cv-valid-train/sample-043812.mp3,female,indian
cv-valid-train/sample-077606.mp3,male,us
cv-valid-train/sample-038743.mp3,female,england
cv-valid-train/sample-092972.mp3,female,england
cv-valid-train/sample-071358.mp3,female,england
cv-valid-train/sample-124847.mp3,male,england
cv-valid-train/sample-075920.mp3,male,indian
cv-valid-train/sample-170421.mp3,male,us
cv-valid-train/sample-151708.mp3,male,us
cv-valid-train/sample-141055.mp3,female,us
cv-valid-train/sample-109176.mp3,male,us
cv-valid-train/sample-150387.mp3,male,england
cv-valid-train/sample-015286.mp3,male,indian
cv-valid-train/sample-187023.mp3,female,indian
cv-valid-train/sample-046980.mp3,female,england
cv-valid-train/sample-194703.mp3,male,us
cv-valid-train/sample-055942.mp3,male,england
cv-valid-train/sample-040996.mp3,female,us
cv-valid-train/sample-009805.mp3,male,england
cv-valid-train/sample-094300.mp3,male,england
cv-valid-train/sample-104026.mp3,female,england
cv-valid-train/sample-014877.mp3,female,indian
cv-valid-train/sample-036010.mp3,male,us
cv-valid-train/sample-043443.mp3,female,indian
cv-valid-train/sample-106153.mp3,female,indian
cv-valid-train/sample-130064.mp3,male,us
cv-valid-train/sample-113794.mp3,male,england
cv-valid-train/sample-164435.mp3,male,indian
cv-valid-train/sample-139976.mp3,male,us
cv-valid-train/sample-066514.mp3,female,england
cv-valid-train/sample-097021.mp3,female,us
cv-valid-train/sample-107849.mp3,male,us
cv-valid-train/sample-034234.mp3,female,indian
cv-valid-train/sample-160418.mp3,male,us
cv-valid-train/sample-047373.mp3,female,indian
cv-valid-train/sample-039437.mp3,female,indian
cv-valid-train/sample-188132.mp3,male,indian
cv-valid-train/sample-185169.mp3,female,england
cv-valid-train/sample-074927.mp3,female,us
cv-valid-train/sample-002006.mp3,male,indian
cv-valid-train/sample-116793.mp3,male,england
cv-valid-train/sample-133192.mp3,female,england
cv-valid-train/sample-136724.mp3,male,indian
cv-valid-train/sample-146529.mp3,female,indian
cv-valid-train/sample-009036.mp3,female,us
cv-valid-train/sample-013248.mp3,female,us
cv-valid-train/sample-129953.mp3,female,england
cv-valid-train/sample-166649.mp3,female,indian
cv-valid-train/sample-103391.mp3,male,england
cv-valid-train/sample-027518.mp3,female,indian
cv-valid-train/sample-122005.mp3,male,indian
cv-valid-train/sample-032610.mp3,female,us
cv-valid-train/sample-079596.mp3,female,us
cv-valid-train/sample-030227.mp3,male,indian
cv-valid-train/sample-128326.mp3,female,england
cv-valid-train/sample-161793.mp3,female,indian
cv-valid-train/sample-130806.mp3,female,us
cv-valid-train/sample-127278.mp3,male,indian
cv-valid-train/sample-048464.mp3,male,indian
cv-valid-train/sample-038799.mp3,male,indian
cv-valid-train/sample-159505.mp3,male,us
cv-valid-train/sample-074171.mp3,male,us
cv-valid-train/sample-094483.mp3,male,england
cv-valid-train/sample-067293.mp3,female,england
cv-valid-train/sample-016154.mp3,male,indian
cv-valid-train/sample-194656.mp3,female,england
cv-valid-train/sample-110198.mp3,female,england
cv-valid-train/sample-129204.mp3,female,indian
cv-valid-train/sample-005618.mp3,female,england
cv-valid-train/sample-140030.mp3,male,us
cv-valid-train/sample-124312.mp3,female,indian
cv-valid-train/sample-013956.mp3,female,indian
cv-valid-train/sample-106509.mp3,female,us
cv-valid-train/sample-182475.mp3,female,england
cv-valid-train/sample-079511.mp3,male,indian
cv-valid-train/sample-024420.mp3,female,england
cv-valid-train/sample-076466.mp3,female,indian
cv-valid-train/sample-075723.mp3,male,us
cv-valid-train/sample-084804.mp3,male,us
cv-valid-train/sample-077381.mp3,female,us
cv-valid-train/sample-154578.mp3,male,indian
cv-valid-train/sample-095865.mp3,male,indian
cv-valid-train/sample-109109.mp3,male,us
cv-valid-train/sample-147095.mp3,female,indian
cv-valid-train/sample-099106.mp3,female,us
cv-valid-train/sample-031671.mp3,male,indian
cv-valid-train/sample-187866.mp3,female,us
cv-valid-train/sample-031945.mp3,male,indian
cv-valid-train/sample-184383.mp3,male,indian
cv-valid-train/sample-012788.mp3,male,us
cv-valid-train/sample-116708.mp3,male,england
cv-valid-train/sample-013585.mp3,female,england
cv-valid-train/sample-140556.mp3,male,england
cv-valid-train/sample-109389.mp3,female,indian
cv-valid-train/sample-097682.mp3,male,england
cv-valid-train/sample-113648.mp3,female,england
cv-valid-train/sample-059972.mp3,female,england
cv-valid-train/sample-020848.mp3,female,indian
cv-valid-train/sample-122365.mp3,female,england
cv-valid-train/sample-169735.mp3,male,us
cv-valid-train/sample-139366.mp3,female,indian
cv-valid-train/sample-096409.mp3,female,us
cv-valid-train/sample-003858.mp3,female,england
cv-valid-train/sample-083489.mp3,female,indian
cv-valid-train/sample-133338.mp3,female,england
cv-valid-train/sample-105191.mp3,male,us
cv-valid-train/sample-152909.mp3,male,indian
cv-valid-train/sample-023418.mp3,female,england
cv-valid-train/sample-096640.mp3,female,england
cv-valid-train/sample-035705.mp3,male,england
cv-valid-train/sample-011717.mp3,female,indian
cv-valid-train/sample-058461.mp3,female,us
cv-valid-train/sample-193591.mp3,female,indian
cv-valid-train/sample-084299.mp3,female,england
cv-valid-train/sample-135933.mp3,female,england
cv-valid-train/sample-070033.mp3,male,england
cv-valid-train/sample-053957.mp3,female,england
cv-valid-train/sample-005505.mp3,female,england
cv-valid-train/sample-140342.mp3,female,indian
cv-valid-train/sample-009404.mp3,female,indian
cv-valid-train/sample-133977.mp3,male,indian
cv-valid-train/sample-184049.mp3,male,us
cv-valid-train/sample-039821.mp3,male,england
cv-valid-train/sample-069577.mp3,male,england
cv-valid-train/sample-067702.mp3,female,us
cv-valid-train/sample-168405.mp3,male,us
cv-valid-train/sample-053193.mp3,male,indian
cv-valid-train/sample-107871.mp3,female,england
cv-valid-train/sample-001283.mp3,female,england
cv-valid-train/sample-068980.mp3,female,us
cv-valid-train/sample-017690.mp3,male,us
cv-valid-train/sample-147387.mp3,female,england
cv-valid-train/sample-089815.mp3,female,us
cv-valid-train/sample-052245.mp3,female,england
cv-valid-train/sample-065113.mp3,female,england
cv-valid-train/sample-082953.mp3,male,england
cv-valid-train/sample-129028.mp3,male,us
cv-valid-train/sample-050144.mp3,male,us
cv-valid-train/sample-113617.mp3,female,england
cv-valid-train/sample-152665.mp3,female,indian
cv-valid-train/sample-033753.mp3,female,us
cv-valid-train/sample-177010.mp3,female,us
cv-valid-train/sample-156060.mp3,female,us
cv-valid-train/sample-168123.mp3,male,indian
cv-valid-train/sample-030921.mp3,female,england
cv-valid-train/sample-045544.mp3,female,indian
cv-valid-train/sample-081753.mp3,female,us
cv-valid-train/sample-175778.mp3,male,england
cv-valid-train/sample-086649.mp3,female,indian
cv-valid-train/sample-035643.mp3,male,us
cv-valid-train/sample-047898.mp3,female,indian
cv-valid-train/sample-126125.mp3,female,england
cv-valid-train/sample-166929.mp3,male,us
cv-valid-train/sample-193709.mp3,female,us
cv-valid-train/sample-086778.mp3,female,indian
cv-valid-train/sample-043515.mp3,female,england
cv-valid-train/sample-118448.mp3,male,indian
cv-valid-train/sample-163606.mp3,female,indian
cv-valid-train/sample-150138.mp3,female,us
cv-valid-train/sample-093871.mp3,male,us
cv-valid-train/sample-123042.mp3,female,us
cv-valid-train/sample-159648.mp3,male,us
cv-valid-train/sample-079863.mp3,male,england
cv-valid-train/sample-035231.mp3,female,indian
cv-valid-train/sample-173402.mp3,male,us
cv-valid-train/sample-116834.mp3,male,indian
cv-valid-train/sample-107802.mp3,female,us
cv-valid-train/sample-176117.mp3,female,england
cv-valid-train/sample-080228.mp3,female,us
cv-valid-train/sample-083639.mp3,male,england
cv-valid-train/sample-014958.mp3,male,indian
cv-valid-train/sample-126389.mp3,male,us
cv-valid-train/sample-038228.mp3,male,indian
cv-valid-train/sample-052232.mp3,male,england
cv-valid-train/sample-124090.mp3,female,us
cv-valid-train/sample-086959.mp3,female,indian
cv-valid-train/sample-178501.mp3,female,indian
cv-valid-train/sample-067758.mp3,female,us
cv-valid-train/sample-046766.mp3,female,england
cv-valid-train/sample-048228.mp3,female,england
cv-valid-train/sample-133358.mp3,female,england
cv-valid-train/sample-001363.mp3,female,us
cv-valid-train/sample-045357.mp3,male,us
cv-valid-train/sample-074138.mp3,male,indian
cv-valid-train/sample-181204.mp3,male,indian
cv-valid-train/sample-129883.mp3,female,us
cv-valid-train/sample-183928.mp3,male,indian
cv-valid-train/sample-080159.mp3,male,england
cv-valid-train/sample-048451.mp3,male,england
cv-valid-train/sample-172703.mp3,male,england
cv-valid-train/sample-159214.mp3,male,us
cv-valid-train/sample-076746.mp3,male,indian
cv-valid-train/sample-136964.mp3,female,england
cv-valid-train/sample-045644.mp3,male,indian
cv-valid-train/sample-125187.mp3,female,indian
cv-valid-train/sample-128907.mp3,female,indian
cv-valid-train/sample-000181.mp3,male,us
cv-valid-train/sample-138537.mp3,male,england
cv-valid-train/sample-065027.mp3,female,us
cv-valid-train/sample-102246.mp3,female,england
cv-valid-train/sample-077515.mp3,female,indian
cv-valid-train/sample-114481.mp3,female,indian
cv-valid-train/sample-191326.mp3,male,indian
cv-valid-train/sample-147060.mp3,female,us
cv-valid-train/sample-188279.mp3,female,england
cv-valid-train/sample-179396.mp3,male,england
cv-valid-train/sample-063603.mp3,female,indian
cv-valid-train/sample-045235.mp3,male,us
cv-valid-train/sample-108507.mp3,male,indian
cv-valid-train/sample-026344.mp3,female,england
cv-valid-train/sample-114539.mp3,female,indian
cv-valid-train/sample-143507.mp3,male,england
cv-valid-train/sample-051350.mp3,male,england
cv-valid-train/sample-004436.mp3,male,indian
cv-valid-train/sample-086789.mp3,male,england
cv-valid-train/sample-166317.mp3,male,us
cv-valid-train/sample-118187.mp3,male,england
cv-valid-train/sample-159540.mp3,male,england
cv-valid-train/sample-009650.mp3,female,england
cv-valid-train/sample-043081.mp3,male,indian
cv-valid-train/sample-161339.mp3,female,us
cv-valid-train/sample-184322.mp3,female,indian
cv-valid-train/sample-189128.mp3,male,england
cv-valid-train/sample-180222.mp3,female,england
cv-valid-train/sample-184283.mp3,male,indian
cv-valid-train/sample-019117.mp3,female,indian
cv-valid-train/sample-015587.mp3,female,england
cv-valid-train/sample-017047.mp3,female,england
cv-valid-train/sample-130447.mp3,female,england
cv-valid-train/sample-186688.mp3,female,england
cv-valid-train/sample-050071.mp3,male,england
cv-valid-train/sample-041346.mp3,female,england
cv-valid-train/sample-035320.mp3,male,indian
cv-valid-train/sample-003670.mp3,male,england
cv-valid-train/sample-004716.mp3,female,us
cv-valid-train/sample-030932.mp3,male,us
cv-valid-train/sample-015011.mp3,female,indian
cv-valid-train/sample-081354.mp3,female,england
cv-valid-train/sample-147048.mp3,female,indian
cv-valid-train/sample-143479.mp3,female,us
cv-valid-train/sample-008874.mp3,male,england
cv-valid-train/sample-033379.mp3,female,england
cv-valid-train/sample-180977.mp3,male,us
cv-valid-train/sample-065718.mp3,female,us
cv-valid-train/sample-067367.mp3,male,england
cv-valid-train/sample-113378.mp3,male,england
cv-valid-train/sample-156977.mp3,male,us
cv-valid-train/sample-116473.mp3,male,indian
cv-valid-train/sample-141073.mp3,female,us
cv-valid-train/sample-084392.mp3,female,indian
cv-valid-train/sample-082135.mp3,male,indian
cv-valid-train/sample-110474.mp3,male,us
cv-valid-train/sample-002483.mp3,male,england
cv-valid-train/sample-078238.mp3,female,indian
cv-valid-train/sample-048447.mp3,female,indian
cv-valid-train/sample-064602.mp3,female,england
cv-valid-train/sample-008515.mp3,female,england
cv-valid-train/sample-116393.mp3,female,indian
cv-valid-train/sample-101326.mp3,male,indian
cv-valid-train/sample-008991.mp3,male,us
cv-valid-train/sample-162635.mp3,male,england
cv-valid-train/sample-025937.mp3,female,england
cv-valid-train/sample-127995.mp3,male,indian
cv-valid-train/sample-022531.mp3,male,england
cv-valid-train/sample-033082.mp3,female,indian
cv-valid-train/sample-064996.mp3,male,england
cv-valid-train/sample-085808.mp3,female,us
cv-valid-train/sample-117820.mp3,female,indian
cv-valid-train/sample-115124.mp3,female,england
cv-valid-train/sample-163797.mp3,female,england
cv-valid-train/sample-083568.mp3,female,us
cv-valid-train/sample-079690.mp3,female,us
cv-valid-train/sample-163986.mp3,male,england
cv-valid-train/sample-058558.mp3,female,us
cv-valid-train/sample-141006.mp3,female,indian
cv-valid-train/sample-154420.mp3,female,england
cv-valid-train/sample-096966.mp3,male,us
cv-valid-train/sample-064730.mp3,male,us
cv-valid-train/sample-111885.mp3,male,indian
cv-valid-train/sample-082125.mp3,female,us
cv-valid-train/sample-018993.mp3,female,us
cv-valid-train/sample-173545.mp3,male,indian
cv-valid-train/sample-003026.mp3,female,england
cv-valid-train/sample-168449.mp3,female,us
cv-valid-train/sample-162141.mp3,male,england
cv-valid-train/sample-049951.mp3,female,us
cv-valid-train/sample-006385.mp3,female,us
cv-valid-train/sample-134213.mp3,female,indian
cv-valid-train/sample-003498.mp3,female,indian
cv-valid-train/sample-180173.mp3,male,us
cv-valid-train/sample-149430.mp3,female,us
cv-valid-train/sample-148406.mp3,female,us
cv-valid-train/sample-075365.mp3,female,us
cv-valid-train/sample-068827.mp3,female,england
cv-valid-train/sample-145162.mp3,female,us
cv-valid-train/sample-041341.mp3,female,england
cv-valid-train/sample-123001.mp3,female,england
cv-valid-train/sample-119727.mp3,male,england
cv-valid-train/sample-156450.mp3,female,us
cv-valid-train/sample-126415.mp3,male,us
cv-valid-train/sample-010696.mp3,female,england
cv-valid-train/sample-124557.mp3,female,england
cv-valid-train/sample-114753.mp3,female,england
cv-valid-train/sample-023679.mp3,female,indian
cv-valid-train/sample-039909.mp3,female,indian
cv-valid-train/sample-106178.mp3,female,indian
cv-valid-train/sample-047324.mp3,female,england
cv-valid-train/sample-120219.mp3,female,us
cv-valid-train/sample-145438.mp3,female,us
cv-valid-train/sample-072694.mp3,male,us
cv-valid-train/sample-104569.mp3,female,us
cv-valid-train/sample-051910.mp3,female,us
cv-valid-train/sample-055916.mp3,male,england
cv-valid-train/sample-156853.mp3,male,england
cv-valid-train/sample-035498.mp3,male,indian
cv-valid-train/sample-116097.mp3,male,england
cv-valid-train/sample-093234.mp3,female,us
cv-valid-train/sample-024798.mp3,female,us
cv-valid-train/sample-181868.mp3,female,england
cv-valid-train/sample-042389.mp3,male,indian
cv-valid-train/sample-086011.mp3,female,england
cv-valid-train/sample-097023.mp3,male,indian
cv-valid-train/sample-081201.mp3,female,us
cv-valid-train/sample-103210.mp3,female,england
cv-valid-train/sample-004239.mp3,female,england
cv-valid-train/sample-082667.mp3,female,indian
cv-valid-train/sample-030054.mp3,male,indian
cv-valid-train/sample-124904.mp3,female,indian
cv-valid-train/sample-174791.mp3,female,england
cv-valid-train/sample-009028.mp3,female,us
cv-valid-train/sample-032619.mp3,male,england
cv-valid-train/sample-107357.mp3,male,england
cv-valid-train/sample-154662.mp3,male,indian
cv-valid-train/sample-072751.mp3,male,us
cv-valid-train/sample-002374.mp3,female,us
cv-valid-train/sample-048043.mp3,male,indian
cv-valid-train/sample-151740.mp3,male,indian
cv-valid-train/sample-142706.mp3,male,us
cv-valid-train/sample-045904.mp3,female,us
cv-valid-train/sample-002685.mp3,female,indian
cv-valid-train/sample-107487.mp3,male,england
cv-valid-train/sample-102149.mp3,male,indian
cv-valid-train/sample-106445.mp3,female,us
cv-valid-train/sample-157365.mp3,female,indian
cv-valid-train/sample-092161.mp3,female,indian
cv-valid-train/sample-002268.mp3,female,england
cv-valid-train/sample-087302.mp3,male,us
cv-valid-train/sample-095432.mp3,male,indian
cv-valid-train/sample-153087.mp3,female,england
cv-valid-train/sample-174144.mp3,female,us
cv-valid-train/sample-178207.mp3,female,england
cv-valid-train/sample-174266.mp3,female,us
cv-valid-train/sample-167789.mp3,female,england
cv-valid-train/sample-052207.mp3,female,england
cv-valid-train/sample-034587.mp3,female,us
cv-valid-train/sample-029508.mp3,female,england
cv-valid-train/sample-166682.mp3,male,indian
cv-valid-train/sample-013919.mp3,female,us
cv-valid-train/sample-029676.mp3,female,us
cv-valid-train/sample-192225.mp3,female,indian
cv-valid-train/sample-158105.mp3,male,indian
cv-valid-train/sample-087276.mp3,male,us
cv-valid-train/sample-058861.mp3,female,england
cv-valid-train/sample-011951.mp3,male,us
cv-valid-train/sample-153306.mp3,female,us
cv-valid-train/sample-000798.mp3,male,england
cv-valid-train/sample-052659.mp3,female,england
cv-valid-train/sample-149819.mp3,female,indian
cv-valid-train/sample-011569.mp3,male,indian
cv-valid-train/sample-116538.mp3,male,us
cv-valid-train/sample-141847.mp3,female,england
cv-valid-train/sample-050488.mp3,female,indian
cv-valid-train/sample-022205.mp3,male,us
cv-valid-train/sample-094884.mp3,male,us
cv-valid-train/sample-037039.mp3,male,indian
cv-valid-train/sample-043543.mp3,female,england
cv-valid-train/sample-091002.mp3,female,indian
cv-valid-train/sample-178985.mp3,male,us
cv-valid-train/sample-175077.mp3,male,england
cv-valid-train/sample-038253.mp3,female,england
cv-valid-train/sample-013131.mp3,female,us
cv-valid-train/sample-060878.mp3,male,indian
cv-valid-train/sample-096743.mp3,male,us
cv-valid-train/sample-061127.mp3,female,indian
cv-valid-train/sample-047905.mp3,male,england
cv-valid-train/sample-163156.mp3,male,us
cv-valid-train/sample-160481.mp3,female,england
cv-valid-train/sample-036457.mp3,male,england
cv-valid-train/sample-050506.mp3,female,indian
cv-valid-train/sample-015402.mp3,female,england
cv-valid-train/sample-054110.mp3,male,us
cv-valid-train/sample-176447.mp3,male,england
cv-valid-train/sample-076601.mp3,male,us
cv-valid-train/sample-166295.mp3,female,indian
cv-valid-train/sample-182849.mp3,male,indian
cv-valid-train/sample-092279.mp3,male,england
cv-valid-train/sample-101782.mp3,female,indian
cv-valid-train/sample-128057.mp3,female,england
cv-valid-train/sample-064388.mp3,male,us
cv-valid-train/sample-083749.mp3,male,england
cv-valid-train/sample-008424.mp3,male,england
cv-valid-train/sample-092148.mp3,female,us
cv-valid-train/sample-189608.mp3,female,england
cv-valid-train/sample-055758.mp3,female,indian
cv-valid-train/sample-047645.mp3,female,england
cv-valid-train/sample-147163.mp3,male,england
cv-valid-train/sample-192546.mp3,female,us
cv-valid-train/sample-094368.mp3,male,england
cv-valid-train/sample-118504.mp3,male,england
cv-valid-train/sample-099786.mp3,female,england
cv-valid-train/sample-013736.mp3,male,england
cv-valid-train/sample-074868.mp3,male,england
cv-valid-train/sample-100652.mp3,female,indian
cv-valid-train/sample-138306.mp3,male,indian
cv-valid-train/sample-127539.mp3,female,us
cv-valid-train/sample-033417.mp3,female,us
cv-valid-train/sample-126513.mp3,male,us
cv-valid-train/sample-152684.mp3,female,us
cv-valid-train/sample-155577.mp3,female,indian
cv-valid-train/sample-153601.mp3,female,england
cv-valid-train/sample-143426.mp3,male,indian
cv-valid-train/sample-098159.mp3,male,indian
cv-valid-train/sample-055653.mp3,male,indian
cv-valid-train/sample-110978.mp3,female,indian
cv-valid-train/sample-195673.mp3,female,indian
cv-valid-train/sample-067844.mp3,male,england
cv-valid-train/sample-134227.mp3,female,indian
cv-valid-train/sample-187299.mp3,male,us
cv-valid-train/sample-132528.mp3,male,england
cv-valid-train/sample-063835.mp3,male,us
cv-valid-train/sample-040943.mp3,male,us
cv-valid-train/sample-047850.mp3,male,indian
cv-valid-train/sample-056087.mp3,female,us
cv-valid-train/sample-112452.mp3,female,england
cv-valid-train/sample-178519.mp3,male,us
cv-valid-train/sample-177450.mp3,male,england
cv-valid-train/sample-032354.mp3,female,us
cv-valid-train/sample-110965.mp3,male,england
cv-valid-train/sample-017157.mp3,male,us
cv-valid-train/sample-116484.mp3,male,indian
cv-valid-train/sample-190608.mp3,female,us
cv-valid-train/sample-160050.mp3,female,indian
cv-valid-train/sample-156712.mp3,male,england
cv-valid-train/sample-016600.mp3,male,us
cv-valid-train/sample-075157.mp3,male,england
cv-valid-train/sample-046553.mp3,female,indian
cv-valid-train/sample-050373.mp3,male,us
cv-valid-train/sample-140826.mp3,female,england
